id,revenue
3001,2177458.5
3002,5216760.5
3003,4634682.0
3004,9445748.0
3005,4446770.5
3006,3247214.2
3007,669175.8
3008,19123052.0
3009,12990047.0
3010,689736400.0
3011,2033795.9
3012,628102.8
3013,40699976.0
3014,1995474.6
3015,15680528.0
3016,348937.66
3017,108976970.0
3018,46884804.0
3019,5445721.0
3020,698892400.0
3021,32001028.0
3022,47162936.0
3023,823860.56
3024,18144406.0
3025,1028045.7
3026,118435160.0
3027,34680516.0
3028,67057880.0
3029,2685729.5
3030,27585454.0
3031,8613724.0
3032,4433846.5
3033,630751.2
3034,978317.56
3035,2230784.0
3036,16311390.0
3037,105993820.0
3038,22592452.0
3039,16154199.0
3040,2018973.5
3041,19836000.0
3042,2892553.5
3043,34346304.0
3044,8296062.5
3045,405803140.0
3046,868389.44
3047,17955264.0
3048,17095266.0
3049,8245086.5
3050,61803956.0
3051,1474168.5
3052,23243464.0
3053,238833.3
3054,498485.8
3055,46621828.0
3056,290121.03
3057,34038160.0
3058,88650730.0
3059,628505.44
3060,62035908.0
3061,163919890.0
3062,9070382.0
3063,29479042.0
3064,18229290.0
3065,24684748.0
3066,87047896.0
3067,4586286.0
3068,50572010.0
3069,91832940.0
3070,1045110.75
3071,10835967.0
3072,190223680.0
3073,1805142.1
3074,339273.2
3075,28675636.0
3076,214552880.0
3077,22730638.0
3078,82548230.0
3079,20419692.0
3080,33204796.0
3081,40532024.0
3082,4575238.0
3083,11232989.0
3084,157322.33
3085,17209476.0
3086,26279884.0
3087,551344.25
3088,659080.9
3089,1141033.4
3090,8753276.0
3091,26224404.0
3092,2294412.8
3093,70388600.0
3094,47625224.0
3095,32220350.0
3096,8336232.5
3097,10422314000.0
3098,34434530.0
3099,62058630.0
3100,2527515.2
3101,10001466.0
3102,6690198.5
3103,746653.44
3104,997521.8
3105,50063350.0
3106,17569934.0
3107,55445316.0
3108,13036412.0
3109,4287950.5
3110,70151780.0
3111,4025115.2
3112,535540.3
3113,19027220.0
3114,20807268.0
3115,51952904.0
3116,14194088.0
3117,431419.16
3118,1967102.2
3119,93460750.0
3120,853555.25
3121,2499594.0
3122,16375106.0
3123,30746340.0
3124,1316142.5
3125,283704.88
3126,61932344.0
3127,2886436.0
3128,24389484.0
3129,292007070.0
3130,15155883.0
3131,1359307.8
3132,1679930.2
3133,1142722.4
3134,6316231.0
3135,1416812.8
3136,14610563.0
3137,33259434.0
3138,3982655.0
3139,35228536.0
3140,199676160.0
3141,17183040.0
3142,1086822.0
3143,26007820.0
3144,9666778.0
3145,12949427.0
3146,2099272.2
3147,13279315.0
3148,1971027.0
3149,14335295.0
3150,64009780.0
3151,6559403.0
3152,13139911.0
3153,2119774.2
3154,8508826.0
3155,32331962.0
3156,25231936.0
3157,30874214.0
3158,162444590.0
3159,7340160.5
3160,30149352.0
3161,599556.5
3162,2598507.2
3163,643533100.0
3164,9198471.0
3165,628955.1
3166,274225.12
3167,53450970.0
3168,408025.72
3169,13765204.0
3170,11536763.0
3171,45626692.0
3172,28765310.0
3173,1050887.6
3174,777279.1
3175,1791246.4
3176,16326517.0
3177,94301630.0
3178,2482255.2
3179,31346060.0
3180,1499229.5
3181,6853667.5
3182,54336000.0
3183,13227065.0
3184,41977516.0
3185,15490101.0
3186,100283290.0
3187,1469039.0
3188,10284130.0
3189,29853566.0
3190,92522136.0
3191,37658850.0
3192,1101445.8
3193,243240850.0
3194,55799556.0
3195,388367.78
3196,3441931.0
3197,4370246.5
3198,199351180.0
3199,110050610.0
3200,12285600.0
3201,3823782.5
3202,3517279.2
3203,733262.9
3204,1973084.5
3205,367244.7
3206,91093270.0
3207,25522936.0
3208,13575388.0
3209,1491153.0
3210,228172210.0
3211,1212890.9
3212,26545628.0
3213,59285924.0
3214,14663607.0
3215,3153232.5
3216,10868754.0
3217,445825280.0
3218,2960942.2
3219,4802927.0
3220,18759082.0
3221,38415372.0
3222,1103162.4
3223,5386343.0
3224,1249484.2
3225,31090260.0
3226,17860720.0
3227,49207164.0
3228,69430296.0
3229,16127754.0
3230,62836884.0
3231,62848150.0
3232,107244880.0
3233,7526046.5
3234,11563662.0
3235,7456135.0
3236,1648199.6
3237,21934392.0
3238,11382278.0
3239,530575.2
3240,163634690.0
3241,2216630.5
3242,2980664.0
3243,2221303.0
3244,509107.38
3245,16493877.0
3246,27006328.0
3247,41110044.0
3248,44129212.0
3249,34545310.0
3250,120073750.0
3251,1347463.1
3252,29920776.0
3253,41592100.0
3254,1205814.1
3255,1001013.5
3256,21840420.0
3257,20015230.0
3258,10002764.0
3259,41520450.0
3260,9657711.0
3261,379444540.0
3262,53604724.0
3263,490519.8
3264,215587.52
3265,170248.5
3266,228034.6
3267,67165400.0
3268,148261.6
3269,36377330.0
3270,58060108.0
3271,1772217.4
3272,9353204.0
3273,6455320.0
3274,231631940.0
3275,37800760.0
3276,1355309.2
3277,5353756.5
3278,22357882.0
3279,11431884.0
3280,60893956.0
3281,282528.75
3282,8544344.0
3283,189339730.0
3284,74440680.0
3285,84499200.0
3286,917531.0
3287,1909496.0
3288,12341826.0
3289,49644490.0
3290,155353800.0
3291,57304828.0
3292,76708370.0
3293,12707685.0
3294,9074155.0
3295,26337290.0
3296,2526512.8
3297,12726241.0
3298,52790372.0
3299,9368165.0
3300,27720690.0
3301,247975.3
3302,1857526.4
3303,6431232.5
3304,11333578.0
3305,33670230.0
3306,2198978.0
3307,62054372.0
3308,18241776.0
3309,1744598.5
3310,4972648.5
3311,2213858.8
3312,2929842.0
3313,19555682.0
3314,6204043.5
3315,584561600.0
3316,5972974.0
3317,1001487.1
3318,827375.4
3319,5427429.0
3320,22177714.0
3321,4719139.0
3322,4412553.0
3323,41757990.0
3324,6677214.5
3325,24810020.0
3326,150277390.0
3327,88931340.0
3328,12168296.0
3329,6524590.0
3330,56047340.0
3331,1987552.9
3332,35221280.0
3333,125783420.0
3334,5449097.5
3335,36122956.0
3336,25815962.0
3337,291815.38
3338,28038466.0
3339,974429.1
3340,43317956.0
3341,34486324.0
3342,49585532.0
3343,38488640.0
3344,3844973.2
3345,1998788.6
3346,17726324.0
3347,265386.66
3348,24297504.0
3349,28162436.0
3350,110283010.0
3351,12219626.0
3352,9276948.0
3353,30856200.0
3354,21914570.0
3355,1284895.4
3356,18252322.0
3357,573497.6
3358,11989381.0
3359,37147550.0
3360,3335563.2
3361,31084686.0
3362,7604572.0
3363,17579288.0
3364,28238116.0
3365,3731758.0
3366,33882830.0
3367,36862336.0
3368,617464.5
3369,37588230.0
3370,114797420.0
3371,40125576.0
3372,198564130.0
3373,189903940.0
3374,63021004.0
3375,38785852.0
3376,22402746.0
3377,3112409.5
3378,5337957.0
3379,189322380.0
3380,55775508.0
3381,1120167.1
3382,479397.8
3383,1134428.9
3384,63739560.0
3385,80183710.0
3386,357590.8
3387,5512636.0
3388,71526664.0
3389,1916641700.0
3390,3558851.8
3391,11128452.0
3392,6049378.5
3393,13530202.0
3394,32461726.0
3395,246347150.0
3396,2325163.2
3397,1348761.6
3398,121628950.0
3399,25726402.0
3400,18189800.0
3401,4026543.5
3402,695615.1
3403,1837624300.0
3404,5491448.0
3405,8663352.0
3406,32940362.0
3407,160303280.0
3408,8751707.0
3409,3493054.2
3410,37974990.0
3411,33432560.0
3412,6778240.0
3413,37704268.0
3414,546642.75
3415,33462034.0
3416,261482000.0
3417,57886284.0
3418,44621468.0
3419,312716670.0
3420,3300553.2
3421,28654586.0
3422,837783.9
3423,91002270.0
3424,884343.0
3425,6066097.5
3426,12528676.0
3427,19347178.0
3428,8184606.0
3429,73971340.0
3430,322242400.0
3431,3728535.2
3432,5834644.0
3433,17434302.0
3434,39941096.0
3435,190282100.0
3436,71837160.0
3437,1774656.1
3438,20917650.0
3439,38485044.0
3440,31878214.0
3441,26202206.0
3442,2028809.5
3443,2171656.0
3444,637405.25
3445,54044940.0
3446,303865.1
3447,3358660.8
3448,24925278.0
3449,42884228.0
3450,86689340.0
3451,27619148.0
3452,23507628.0
3453,38717332.0
3454,13717659.0
3455,29481516.0
3456,81856330.0
3457,38122820.0
3458,42174300.0
3459,496604260.0
3460,15945880.0
3461,1461438.8
3462,9924335.0
3463,19123418.0
3464,1661104.5
3465,24383112.0
3466,31498290.0
3467,4599246.5
3468,72282056.0
3469,1483410.1
3470,312078.94
3471,95241590.0
3472,59567704.0
3473,84781550.0
3474,24420532.0
3475,70906580.0
3476,3239531.0
3477,46872376.0
3478,4809169.5
3479,110522220.0
3480,8823208.0
3481,7028386.0
3482,4038680.8
3483,621003.06
3484,4014320.0
3485,148107360.0
3486,87575810.0
3487,178376460.0
3488,225057580.0
3489,5285124.5
3490,14765204.0
3491,18191742.0
3492,16944542.0
3493,8047302.0
3494,1862821.8
3495,20566072.0
3496,4183925.0
3497,42354548.0
3498,31779260.0
3499,10295199.0
3500,971401.56
3501,69716130.0
3502,42889950.0
3503,82621160.0
3504,23606792.0
3505,14687792.0
3506,116446530.0
3507,113652320.0
3508,4634753.0
3509,3396774.2
3510,11373489.0
3511,35603850.0
3512,128955544.0
3513,27253052.0
3514,23463506.0
3515,2033404.0
3516,8617602.0
3517,689574600.0
3518,18049622.0
3519,3526441.8
3520,1184152.8
3521,655242.25
3522,32948280.0
3523,11520579.0
3524,74181580.0
3525,38184748.0
3526,21544140.0
3527,10925038.0
3528,4887699.0
3529,225682160.0
3530,21439690.0
3531,181742030.0
3532,68684780.0
3533,14100616.0
3534,68886824.0
3535,130258300.0
3536,23293080.0
3537,28902194.0
3538,75070900.0
3539,27879976.0
3540,20431224.0
3541,32637048.0
3542,26864738.0
3543,673581.56
3544,30439414.0
3545,3911535.2
3546,1487078.8
3547,24848618.0
3548,44324830.0
3549,3463095.8
3550,99302664.0
3551,39347824.0
3552,57247908.0
3553,54154628.0
3554,135988740.0
3555,246821230.0
3556,35536270.0
3557,19740096.0
3558,144471300.0
3559,23507314.0
3560,612119.1
3561,35759564.0
3562,21171772.0
3563,22830268.0
3564,726569.2
3565,1733219.0
3566,94424020.0
3567,17293084.0
3568,7519962.5
3569,75056584.0
3570,1228818.2
3571,10173684.0
3572,261221800.0
3573,3653992.5
3574,19704434.0
3575,9363824.0
3576,19430274.0
3577,7651479.0
3578,63346876.0
3579,34998416.0
3580,13875071.0
3581,21314272.0
3582,69428970.0
3583,1704191.5
3584,23413168.0
3585,18172738.0
3586,15916042.0
3587,6383540.0
3588,3400310.2
3589,27017252.0
3590,24803776.0
3591,113571930.0
3592,1331368.5
3593,589098.3
3594,3540125.8
3595,14567544.0
3596,13981654.0
3597,5742356.5
3598,19020180.0
3599,45574508.0
3600,4424976.0
3601,545898.8
3602,9489267.0
3603,16010245.0
3604,7865536.0
3605,43659372.0
3606,2348543.2
3607,82203980.0
3608,131175304.0
3609,3464773.8
3610,32235656.0
3611,849056.7
3612,30865264.0
3613,1513582.6
3614,100166490.0
3615,49135508.0
3616,7522602.0
3617,20455164.0
3618,53234052.0
3619,552446.94
3620,43646050.0
3621,166871950.0
3622,66920652.0
3623,183802300.0
3624,359521.44
3625,2934542.8
3626,13841343.0
3627,30676398.0
3628,572134460.0
3629,11654979.0
3630,262638.97
3631,95599030.0
3632,4717987.0
3633,19409308.0
3634,667577.2
3635,10110409.0
3636,45180188.0
3637,1326785.2
3638,30118314.0
3639,30180420.0
3640,842700500.0
3641,1800658.0
3642,1515724.8
3643,12279415.0
3644,15568148.0
3645,27355230.0
3646,23750230.0
3647,13234383.0
3648,2098575.5
3649,24762744.0
3650,56811936.0
3651,417144700.0
3652,3926327.8
3653,237481580.0
3654,4175458.8
3655,13711747.0
3656,17090994.0
3657,498692.2
3658,2098487.5
3659,110368440.0
3660,154201280.0
3661,11023437.0
3662,28399942.0
3663,63676616.0
3664,677386.8
3665,429760.16
3666,10673507.0
3667,90411960.0
3668,20183642.0
3669,4958725.5
3670,94236540.0
3671,20005194.0
3672,4598615.0
3673,68184340.0
3674,28012594.0
3675,43022520.0
3676,29702656.0
3677,19315652.0
3678,27678582.0
3679,15493233.0
3680,2465285.8
3681,1032953.56
3682,33100144.0
3683,10968132.0
3684,80823090.0
3685,34433740.0
3686,69234050.0
3687,32384794.0
3688,3312991.0
3689,553272.06
3690,55239904.0
3691,5076681.5
3692,293300.25
3693,56679350.0
3694,352476400.0
3695,187594140.0
3696,53011140.0
3697,13623219.0
3698,82417810.0
3699,16330535.0
3700,3329054.8
3701,37285410.0
3702,958850.94
3703,99768360.0
3704,105812830.0
3705,7544810.0
3706,35947896.0
3707,1763749.9
3708,9904762.0
3709,324621150.0
3710,6365381.5
3711,877540.44
3712,69156700.0
3713,21707316.0
3714,3996790.0
3715,13747519.0
3716,7399818.5
3717,324409.25
3718,3809536.2
3719,26974514.0
3720,9545650.0
3721,1812971.2
3722,29152556.0
3723,1103861.1
3724,33454886.0
3725,13154104.0
3726,29565082.0
3727,9547945.0
3728,101841150.0
3729,26505406.0
3730,49067050.0
3731,35581172.0
3732,817842.2
3733,101034740.0
3734,258363680.0
3735,9495187.0
3736,6801681.0
3737,3666475.2
3738,3241002.0
3739,6992417.5
3740,36107870.0
3741,13761948.0
3742,26952502.0
3743,49865700.0
3744,217083200.0
3745,23991996.0
3746,121349730.0
3747,1041864.6
3748,8791643.0
3749,4558444.0
3750,484222.88
3751,13691781.0
3752,1706800.4
3753,1587954.0
3754,22757274.0
3755,37447260.0
3756,7934002.5
3757,212123250.0
3758,55636000.0
3759,11678367.0
3760,18861512.0
3761,39844236.0
3762,169522430.0
3763,23041300.0
3764,13981787.0
3765,2476152.8
3766,6493565.0
3767,20112778.0
3768,10627272.0
3769,1496098.6
3770,2661042.5
3771,40626604.0
3772,10164238.0
3773,25069172.0
3774,26583172.0
3775,103980800.0
3776,32844500.0
3777,1353170.5
3778,283682.16
3779,25584298.0
3780,652119.6
3781,7362454.5
3782,1808993.8
3783,17486622.0
3784,5118036.0
3785,108680550.0
3786,22688752.0
3787,344509700.0
3788,1570886300.0
3789,10535302.0
3790,645713.94
3791,12839149.0
3792,175318.39
3793,802687.9
3794,3093588.5
3795,611271900.0
3796,15358040.0
3797,37110940.0
3798,70425800.0
3799,8065526.5
3800,2845797.5
3801,214116670.0
3802,977621.8
3803,56194628.0
3804,224704.44
3805,326918.4
3806,111880920.0
3807,937460.44
3808,2883827.8
3809,40881876.0
3810,1918800.4
3811,9834246.0
3812,8726845.0
3813,1385589.0
3814,1477991.9
3815,83264400.0
3816,25443272.0
3817,256792540.0
3818,25288258.0
3819,56377136.0
3820,128592770.0
3821,78414300.0
3822,7942057.5
3823,8376908.5
3824,5157454.0
3825,3853853.8
3826,58244340.0
3827,99127810.0
3828,4346712.0
3829,288656.7
3830,47392520.0
3831,inf
3832,156022530.0
3833,36242004.0
3834,1382918.4
3835,14285836.0
3836,2697257.0
3837,12244730.0
3838,64874092.0
3839,1503526.4
3840,39187996.0
3841,19716090.0
3842,19780612.0
3843,11458823.0
3844,562293.6
3845,287931.94
3846,1175861.2
3847,1156124.1
3848,1694256.1
3849,28628146.0
3850,15229689.0
3851,32752664.0
3852,1981921.8
3853,34033616.0
3854,256626.89
3855,658859.06
3856,10683854.0
3857,233002460.0
3858,658841.44
3859,6919605.5
3860,24070926.0
3861,61150130.0
3862,20315888.0
3863,30037310.0
3864,30446556.0
3865,83835064.0
3866,7399085.0
3867,8023378.0
3868,16293604.0
3869,26424036.0
3870,50810050.0
3871,2782295000.0
3872,20651882.0
3873,15220890.0
3874,839196.9
3875,65538604.0
3876,565341.3
3877,89059850.0
3878,208288800.0
3879,289639600.0
3880,10693884.0
3881,153056.64
3882,2703118.0
3883,2991668.0
3884,30097066.0
3885,6789374.0
3886,22883064.0
3887,28541784.0
3888,5100917.5
3889,14427433.0
3890,151648540.0
3891,24945158.0
3892,864912.4
3893,36179496.0
3894,18907618.0
3895,17643480.0
3896,32621552.0
3897,9958295.0
3898,20015574.0
3899,873386500.0
3900,199746260.0
3901,4279289.5
3902,648169.44
3903,6153122.0
3904,11200513.0
3905,12144043.0
3906,377427100.0
3907,824756.75
3908,1872748.8
3909,1465282.2
3910,18165252.0
3911,2716971.0
3912,15911003.0
3913,295424350.0
3914,73834900.0
3915,196515230.0
3916,263839.47
3917,1927764.1
3918,9648891.0
3919,26779866.0
3920,37072172.0
3921,325042.56
3922,7869047.0
3923,46678240.0
3924,89048296.0
3925,294994180.0
3926,1648202.8
3927,44578596.0
3928,42755348.0
3929,69337656.0
3930,973298.8
3931,5453418.0
3932,3288413.0
3933,12172845.0
3934,83340350.0
3935,367120.38
3936,368283.2
3937,141316940.0
3938,19340352.0
3939,191889020.0
3940,4210142.0
3941,36071664.0
3942,134621470.0
3943,1062503300.0
3944,5937852.0
3945,19759044.0
3946,1107344.9
3947,24801032.0
3948,44994430.0
3949,2230135.2
3950,2143326.0
3951,22491414.0
3952,56579656.0
3953,20832444.0
3954,291636930.0
3955,3713829.0
3956,101340450.0
3957,4459375.0
3958,3613106.8
3959,17900144.0
3960,676271.44
3961,22495104.0
3962,1688335.0
3963,11000061.0
3964,437853200.0
3965,51690380.0
3966,25023406.0
3967,140441500.0
3968,50496630.0
3969,3174886.0
3970,31599382.0
3971,12746525.0
3972,4055593.8
3973,85748700.0
3974,647818.44
3975,203395500.0
3976,20585342.0
3977,75107850.0
3978,115912040.0
3979,1298940.9
3980,502856.62
3981,5614044.5
3982,47752564.0
3983,13697841.0
3984,58025344.0
3985,2182356.5
3986,1727454200.0
3987,16245257.0
3988,35261612.0
3989,32214514.0
3990,29066386.0
3991,1491938.2
3992,827558.44
3993,9532259.0
3994,22036500.0
3995,64757144.0
3996,97490510.0
3997,20850690.0
3998,44690120.0
3999,6086274.5
4000,30854434.0
4001,13889104.0
4002,37787496.0
4003,199591.14
4004,99661660.0
4005,1357213.1
4006,13923984.0
4007,626284.44
4008,12719179.0
4009,19343230.0
4010,130344.97
4011,14353681.0
4012,163261520.0
4013,149920100.0
4014,512443.12
4015,18986400.0
4016,14329609.0
4017,15590613.0
4018,20388946.0
4019,69580100.0
4020,2244916.5
4021,74082610.0
4022,8155434.5
4023,190776690.0
4024,28227562.0
4025,1063930.4
4026,149951550.0
4027,22382330.0
4028,1749403.5
4029,261117.03
4030,41586388.0
4031,33218732.0
4032,1679944.8
4033,464011.06
4034,2143700.2
4035,67736360.0
4036,1241871.8
4037,10684832.0
4038,6542160.5
4039,9637635.0
4040,6645920.0
4041,358767.94
4042,45674584.0
4043,3072328.5
4044,28650488.0
4045,52311360.0
4046,26088208.0
4047,532754200.0
4048,20676004.0
4049,230440.23
4050,983660.44
4051,560905700.0
4052,9727685.0
4053,5034739.5
4054,842794.8
4055,4167359.0
4056,12246459.0
4057,224294.66
4058,47476480.0
4059,8466185.0
4060,18335192.0
4061,2422035000.0
4062,10892205.0
4063,16310830.0
4064,101506240.0
4065,81767070.0
4066,4202255.5
4067,40545012.0
4068,2726377.2
4069,39190388.0
4070,51049790.0
4071,1983377.6
4072,6978374.0
4073,175915400.0
4074,10929248.0
4075,27974792.0
4076,85352520.0
4077,558292860.0
4078,8576624.0
4079,86145740.0
4080,6311462.0
4081,5560886.5
4082,73884056.0
4083,36487676.0
4084,665863.0
4085,48882748.0
4086,118135544.0
4087,5723112.0
4088,73919440.0
4089,20605454.0
4090,4537343.5
4091,36447056.0
4092,54532228.0
4093,24945920.0
4094,41978480.0
4095,102182230.0
4096,5077519.5
4097,50573650.0
4098,11206945.0
4099,7112536.5
4100,84088570.0
4101,86219060.0
4102,1686580.9
4103,52682944.0
4104,1619082.1
4105,628500.6
4106,1599520.5
4107,486774.97
4108,18008082.0
4109,520423.6
4110,38571024.0
4111,8558175.0
4112,17612042.0
4113,12958594.0
4114,138964780.0
4115,5285326.5
4116,10092683.0
4117,15261705.0
4118,50298616.0
4119,21867388.0
4120,1239382.4
4121,4089546.5
4122,37211520.0
4123,6163705.0
4124,45168812.0
4125,29055910.0
4126,12878317.0
4127,2271448.2
4128,11712273.0
4129,2926650.0
4130,1310512.6
4131,13061699.0
4132,150305470.0
4133,28584004.0
4134,10362970.0
4135,9243989.0
4136,523585060.0
4137,11131934.0
4138,50715644.0
4139,18033518.0
4140,3714888.0
4141,18506862.0
4142,128919630.0
4143,24823654.0
4144,8898000.0
4145,19713908.0
4146,9235388.0
4147,614362.0
4148,24512278.0
4149,17286588.0
4150,1936856.4
4151,541838.6
4152,34636624.0
4153,179281020.0
4154,2636866.8
4155,9896340.0
4156,11041745.0
4157,6285483.0
4158,8163714.0
4159,62106944.0
4160,126627860.0
4161,14480945.0
4162,41216824.0
4163,119280760.0
4164,20232362.0
4165,2971264.2
4166,1424277.4
4167,17602170.0
4168,6195163.0
4169,426389.72
4170,1414582.4
4171,57398572.0
4172,8787259.0
4173,9264747.0
4174,6171722.5
4175,6053557.0
4176,24572288.0
4177,173382.98
4178,515533470.0
4179,875282.1
4180,29596452.0
4181,29062116.0
4182,1690226.4
4183,69559130.0
4184,39691092.0
4185,5990087.5
4186,3003995.8
4187,20229506.0
4188,10999557.0
4189,1116660.1
4190,153602.06
4191,1804970.0
4192,546803.3
4193,62235724.0
4194,79301560.0
4195,3290546.2
4196,3191278.2
4197,21291518.0
4198,1176794.6
4199,13824457.0
4200,61394384.0
4201,34794280.0
4202,26037354.0
4203,13649644.0
4204,59160652.0
4205,1501478.8
4206,18078288.0
4207,575514200.0
4208,144677010.0
4209,35620148.0
4210,46539556.0
4211,38148716.0
4212,127359850.0
4213,751049.8
4214,32458754.0
4215,1192861.0
4216,5941114.5
4217,1018711.56
4218,91562200.0
4219,7080889.5
4220,16987646.0
4221,525422.5
4222,352543.47
4223,21944854.0
4224,1106957.4
4225,22469460.0
4226,57374276.0
4227,68171070.0
4228,212164.39
4229,53638476.0
4230,14093141.0
4231,12372136.0
4232,4416240.5
4233,71531850.0
4234,21824554.0
4235,5756217.5
4236,2155903.0
4237,5295235.0
4238,35148132.0
4239,92359920.0
4240,73213230.0
4241,44938510.0
4242,25932924.0
4243,631692.7
4244,21119622.0
4245,5022807.5
4246,1545195.4
4247,19266862.0
4248,9655077.0
4249,12697098.0
4250,19794766.0
4251,1724562.8
4252,85944700.0
4253,77920810.0
4254,75757590.0
4255,35025664.0
4256,95328460.0
4257,32702726.0
4258,17395870.0
4259,874970.0
4260,315307650.0
4261,16715251.0
4262,3869841.2
4263,14000815.0
4264,240562510.0
4265,6335536.0
4266,3279143.2
4267,31518242.0
4268,14629860.0
4269,8898814.0
4270,51669680.0
4271,46182316.0
4272,358685.8
4273,13596429.0
4274,44252948.0
4275,5451665.5
4276,27451296.0
4277,249582110.0
4278,1965324.6
4279,51651350.0
4280,478734.88
4281,1039595.7
4282,27269690.0
4283,187093.05
4284,2146916.2
4285,248200.53
4286,256012020.0
4287,9802989.0
4288,15902296.0
4289,93405864.0
4290,8767287.0
4291,3868110.8
4292,1410767.0
4293,21651410.0
4294,90991336.0
4295,137830220.0
4296,30081916.0
4297,13732686.0
4298,1157185.2
4299,13832581.0
4300,29692574.0
4301,2336232.5
4302,3509348.5
4303,6658392.0
4304,59821150.0
4305,65998730.0
4306,23018020.0
4307,285923.72
4308,258177.33
4309,22550822.0
4310,869383.8
4311,467725.28
4312,151599380.0
4313,153862830.0
4314,3325247.2
4315,153557330.0
4316,113652320.0
4317,3406519.2
4318,32303730.0
4319,641151.6
4320,3021173.5
4321,12761364.0
4322,7398506.0
4323,6339356.0
4324,4373715.5
4325,12171035.0
4326,4866656.5
4327,39244092.0
4328,2342090.5
4329,138349.55
4330,471453300.0
4331,38786590.0
4332,26626204.0
4333,887982.9
4334,20371492.0
4335,49341184.0
4336,60993108.0
4337,366794.22
4338,30185946.0
4339,36588730.0
4340,8377164.0
4341,21856880.0
4342,24685076.0
4343,33847692.0
4344,3540358.8
4345,2032931.0
4346,20330270.0
4347,53397164.0
4348,313355.38
4349,143744000.0
4350,18685342.0
4351,117633240.0
4352,6603968.0
4353,13204681.0
4354,10941596.0
4355,6376086.5
4356,1796070.1
4357,68021190.0
4358,12732991.0
4359,28594638.0
4360,56133140.0
4361,14251871.0
4362,18823274.0
4363,27090112.0
4364,42866564.0
4365,1707542.8
4366,33604600.0
4367,140551900.0
4368,33704160.0
4369,12766672.0
4370,35026196.0
4371,271732350.0
4372,14936374.0
4373,2404368.0
4374,61942740.0
4375,1900039.1
4376,236013.44
4377,1528702.9
4378,33181370.0
4379,50404450.0
4380,90494430.0
4381,61115148.0
4382,63449900.0
4383,77368420.0
4384,24886706.0
4385,291895.53
4386,12179441.0
4387,45443524.0
4388,88773230.0
4389,149467260.0
4390,5267734.0
4391,5827009.0
4392,43789636.0
4393,148844800.0
4394,20912464.0
4395,3430042.8
4396,16441642.0
4397,8171690.5
4398,109916350.0
4399,3194305.0
4400,4983910.0
4401,13864806.0
4402,10740982.0
4403,5735657.5
4404,66211430.0
4405,16362305.0
4406,746442.7
4407,4061198.0
4408,1111876.1
4409,965740.2
4410,12594276.0
4411,5553657.5
4412,28323774.0
4413,75191850.0
4414,1759690.8
4415,3872791.2
4416,792839.4
4417,454483170.0
4418,214407.53
4419,131544616.0
4420,434502940.0
4421,6763330.5
4422,3023243.0
4423,1999246.1
4424,578108.06
4425,26952400.0
4426,14071868.0
4427,142141440.0
4428,3328293.0
4429,4128812.8
4430,430223.12
4431,667106.25
4432,38738904.0
4433,82941680.0
4434,83028900.0
4435,29526086.0
4436,106306430.0
4437,1221143.0
4438,1405540.4
4439,13472159.0
4440,4746477.5
4441,34242692.0
4442,2076224.2
4443,170859.1
4444,1244802.9
4445,8186979.0
4446,1127657.1
4447,76167336.0
4448,7276367.0
4449,2088218.1
4450,153891580.0
4451,335940400.0
4452,23405042.0
4453,2220705.8
4454,453238.06
4455,2191207.2
4456,25642044.0
4457,6181559.5
4458,1391257.5
4459,84922520.0
4460,7702023.5
4461,38518676.0
4462,182341330.0
4463,4822249.5
4464,35472616.0
4465,13419533.0
4466,584822.25
4467,82120920.0
4468,1064939.4
4469,46978080.0
4470,13891330.0
4471,628955.75
4472,53519520.0
4473,3801570.0
4474,7065159.5
4475,6466312.0
4476,151977.11
4477,25788992.0
4478,3815557.2
4479,7936606.0
4480,37579630.0
4481,9575629.0
4482,4555732.0
4483,14746178.0
4484,896225.1
4485,18280926.0
4486,34437420.0
4487,14496199.0
4488,23606972.0
4489,27676522.0
4490,339161.9
4491,54872364.0
4492,8989451.0
4493,2141174.8
4494,24087460.0
4495,19319558.0
4496,72619790.0
4497,3300729.5
4498,45550264.0
4499,1021769.6
4500,98994790.0
4501,28661310.0
4502,14404144.0
4503,52909016.0
4504,5077442.0
4505,1187872.9
4506,51001130.0
4507,5152051.5
4508,4195176.5
4509,2490732.5
4510,13717607.0
4511,54274060.0
4512,236319.3
4513,15618680.0
4514,13345867.0
4515,35767544.0
4516,10177274.0
4517,7312269.0
4518,39541176.0
4519,72653600.0
4520,37908772.0
4521,30589574.0
4522,130777096.0
4523,25199664.0
4524,1983521.5
4525,1876170.2
4526,932303.56
4527,44769804.0
4528,1715897.5
4529,767279.75
4530,8149681.0
4531,15088044.0
4532,15961947.0
4533,44874444.0
4534,3472673.5
4535,38972428.0
4536,27305082.0
4537,6502476.0
4538,16675065.0
4539,950760.56
4540,37106692.0
4541,12325359.0
4542,153106370.0
4543,24777202.0
4544,3735482.5
4545,980674.3
4546,522829.3
4547,4832354.5
4548,2488925.5
4549,297950.3
4550,10488646.0
4551,226800240.0
4552,297700500.0
4553,3415087.2
4554,291655300.0
4555,2067305.5
4556,36684812.0
4557,8581124.0
4558,15720386.0
4559,19477100.0
4560,99217850.0
4561,28313674.0
4562,2090218.6
4563,96499640.0
4564,1022510.5
4565,446386.62
4566,11794456.0
4567,29115936.0
4568,5823981.0
4569,6817812.5
4570,8938620.0
4571,2318750.2
4572,32532758.0
4573,23220244.0
4574,346977.2
4575,1456782.8
4576,13194988.0
4577,2398871.2
4578,17600322.0
4579,1995682.0
4580,113778990.0
4581,3698249.5
4582,74598160.0
4583,156197010.0
4584,2358007.2
4585,49903188.0
4586,4350477.5
4587,2436178.5
4588,58964972.0
4589,1721680.5
4590,3249446700.0
4591,90064290.0
4592,2076826.2
4593,970448.75
4594,16465619.0
4595,137510930.0
4596,79015450.0
4597,51562764.0
4598,86674630.0
4599,64879784.0
4600,1697735.2
4601,16251827.0
4602,42139564.0
4603,29134490.0
4604,39801470.0
4605,61437492.0
4606,51180236.0
4607,66384930.0
4608,1239909.6
4609,10375866.0
4610,241208960.0
4611,50468804.0
4612,30788358.0
4613,25532820.0
4614,13728705.0
4615,26683958.0
4616,1262969.1
4617,24934932.0
4618,442193.22
4619,53544024.0
4620,2806879.0
4621,318026800.0
4622,15728634.0
4623,38353876.0
4624,2383474.0
4625,22571606.0
4626,17291798.0
4627,39763228.0
4628,1053590.0
4629,1102783.8
4630,15809119.0
4631,12820991.0
4632,6870708.5
4633,470301.66
4634,261488.08
4635,554819.7
4636,114693250.0
4637,892271.44
4638,14109548.0
4639,2454981.2
4640,297886820.0
4641,2302075.2
4642,22034526.0
4643,24844306.0
4644,7209545.5
4645,831213.5
4646,1325817100.0
4647,2399548.5
4648,2354070.8
4649,81157990.0
4650,263868820.0
4651,107028270.0
4652,532690180.0
4653,457650.97
4654,200498200.0
4655,17411338.0
4656,20881774.0
4657,1779116.2
4658,54623420.0
4659,1867858.0
4660,6657770.0
4661,40337364.0
4662,4171033.0
4663,7139557.0
4664,12344981.0
4665,39671412.0
4666,11699480.0
4667,115476000.0
4668,2183380.8
4669,2060992.5
4670,34177116.0
4671,21936066.0
4672,393393.44
4673,3343914.2
4674,8205488.5
4675,6302752.5
4676,6655053.0
4677,199839.88
4678,11985860.0
4679,216366.3
4680,3300679.0
4681,27656628.0
4682,5135686.5
4683,878250.44
4684,929932.7
4685,17260560.0
4686,5573055.0
4687,31462444.0
4688,53859504.0
4689,1382319.8
4690,8587805.0
4691,12769545.0
4692,3917949.2
4693,19871938.0
4694,7636782.0
4695,13313070.0
4696,38960830.0
4697,29375766.0
4698,1497846.1
4699,21071098.0
4700,25482708.0
4701,53157956.0
4702,8561776.0
4703,17854452.0
4704,73775770.0
4705,70039470.0
4706,29718354.0
4707,2796210.8
4708,40529548.0
4709,584884.7
4710,71042630.0
4711,15050277.0
4712,2345514.8
4713,78513230.0
4714,4865450.0
4715,357972.28
4716,878369.4
4717,23890620.0
4718,26400510.0
4719,154911140.0
4720,5278576.5
4721,3275692.8
4722,35787948.0
4723,3895163.5
4724,152496660.0
4725,53272444.0
4726,2432969.8
4727,22374178.0
4728,19727524.0
4729,22692690.0
4730,448655.4
4731,52252228.0
4732,384586460.0
4733,873169.44
4734,175329180.0
4735,14852426.0
4736,5092805.0
4737,53410204.0
4738,1542165.6
4739,105074740.0
4740,104057780.0
4741,162651.92
4742,159768500.0
4743,126474.02
4744,465661.03
4745,83262180.0
4746,17867602.0
4747,36698740.0
4748,19322358.0
4749,8210060.0
4750,2313147.0
4751,39612290.0
4752,1548412.6
4753,11401225.0
4754,557714940.0
4755,4999600.5
4756,22058410.0
4757,101351860.0
4758,58268010.0
4759,283968160.0
4760,437503.97
4761,12767110.0
4762,3090427.5
4763,548536.3
4764,175680340.0
4765,54286068.0
4766,26855210.0
4767,13969499.0
4768,40123892.0
4769,24626904.0
4770,67192570.0
4771,63785044.0
4772,17631368.0
4773,17132772.0
4774,3192885.8
4775,610233.56
4776,915059.75
4777,39943690.0
4778,30834314.0
4779,1970023.5
4780,54542110.0
4781,377013.9
4782,11332022.0
4783,11702314.0
4784,24329038.0
4785,22728426.0
4786,32408768.0
4787,38619756.0
4788,77876536.0
4789,8864730.0
4790,57406456.0
4791,2710451.8
4792,2285650.8
4793,18891468.0
4794,468622.72
4795,2671208.0
4796,14295540.0
4797,594016300.0
4798,111891160.0
4799,9652794.0
4800,23910496.0
4801,2172020.5
4802,43226508.0
4803,9985988.0
4804,1769572.6
4805,390455.25
4806,8169010.0
4807,304083.38
4808,759475.5
4809,41314736.0
4810,626005.0
4811,3482649.5
4812,65883644.0
4813,132595550.0
4814,1806140.9
4815,42282228.0
4816,42061510.0
4817,4753213.5
4818,9769783.0
4819,5446074.0
4820,10440384.0
4821,704612.7
4822,442145.56
4823,4110896.8
4824,33806980.0
4825,154442640.0
4826,1543578.1
4827,32251462.0
4828,13832766.0
4829,23296546.0
4830,33528412.0
4831,26641800.0
4832,1610464.5
4833,24595734.0
4834,1759744.4
4835,162985860.0
4836,2759072.8
4837,186433090.0
4838,70939720.0
4839,139811.47
4840,54425930.0
4841,168832.45
4842,23250514.0
4843,32080476.0
4844,2849784.2
4845,20178408.0
4846,1544779.9
4847,384532200.0
4848,77383020.0
4849,240379970.0
4850,10519660.0
4851,121912.01
4852,29400374.0
4853,15600876.0
4854,8134120.5
4855,32222502.0
4856,4868160.5
4857,17244238.0
4858,7705366.5
4859,1646967.8
4860,272259970.0
4861,40800550.0
4862,621546200.0
4863,184870080.0
4864,30029518.0
4865,28463282.0
4866,4170348.8
4867,25860808.0
4868,4422107.0
4869,1838485.6
4870,31149438.0
4871,45169850.0
4872,1268981.6
4873,7472721.5
4874,86358130.0
4875,9974262.0
4876,20192268.0
4877,13250953.0
4878,3057938.0
4879,14585003.0
4880,17640384.0
4881,1526322.6
4882,14089432.0
4883,47043896.0
4884,27859350.0
4885,3982913.2
4886,22141196.0
4887,2189402.5
4888,2005660.8
4889,2125420.0
4890,51732396.0
4891,557970.0
4892,5744635.0
4893,48999150.0
4894,8592564.0
4895,1321705.9
4896,126151500.0
4897,1709514.2
4898,89155020.0
4899,1082523600.0
4900,254745570.0
4901,29631528.0
4902,7597171.0
4903,2015045.6
4904,145917440.0
4905,17294042.0
4906,164972.89
4907,802005800.0
4908,13519497.0
4909,28828750.0
4910,81249690.0
4911,16606159.0
4912,16470456.0
4913,20965902.0
4914,54277372.0
4915,52363372.0
4916,9867239.0
4917,8531284.0
4918,80249200.0
4919,11107416.0
4920,28375468.0
4921,11316104.0
4922,19956716.0
4923,4287402.5
4924,37278224.0
4925,74133490.0
4926,528867.6
4927,30031008.0
4928,15150680.0
4929,4010455.2
4930,9012439.0
4931,14419153.0
4932,2235627.0
4933,243410260.0
4934,893265.9
4935,140442580.0
4936,3261111.5
4937,704626.1
4938,5564791.0
4939,686300.4
4940,1361377.0
4941,5171229.5
4942,842219.5
4943,29903888.0
4944,30942718.0
4945,1435160.6
4946,8117622.0
4947,3123280.2
4948,1354658.0
4949,16488215.0
4950,121014120.0
4951,20750118.0
4952,8282363.0
4953,43329110.0
4954,15634358.0
4955,1446339.5
4956,1483159.8
4957,43536132.0
4958,37274100.0
4959,9542028.0
4960,3869734.2
4961,38249480.0
4962,10544892.0
4963,6558139.5
4964,3465679.2
4965,421124.0
4966,10710541.0
4967,31653674.0
4968,12039062.0
4969,134620.89
4970,598013.0
4971,80158640.0
4972,17629890.0
4973,33434472.0
4974,35109404.0
4975,2673797.5
4976,5271779.5
4977,30206566.0
4978,903299.1
4979,16354536.0
4980,23516060.0
4981,3006426.2
4982,47806880.0
4983,608821.06
4984,37838850.0
4985,135307780.0
4986,6650282.0
4987,1219457.9
4988,1535854.5
4989,21357490.0
4990,427536.34
4991,14292595.0
4992,111528730.0
4993,1097621.5
4994,29003972.0
4995,274089.7
4996,7960195.5
4997,40010330.0
4998,29046158.0
4999,41082924.0
5000,85682984.0
5001,134942560.0
5002,411960960.0
5003,83391230.0
5004,26575822.0
5005,87447950.0
5006,210306750.0
5007,22563428.0
5008,75293740.0
5009,46274190.0
5010,18118228.0
5011,5252744.5
5012,43113210.0
5013,15236575.0
5014,54061228.0
5015,10178012.0
5016,68904180.0
5017,9566903.0
5018,62666210.0
5019,22478720.0
5020,4385698.5
5021,83769.48
5022,39114812.0
5023,2631902.2
5024,90394376.0
5025,560347.25
5026,24945540.0
5027,27868066.0
5028,150021940.0
5029,19544458.0
5030,52241464.0
5031,1937876.2
5032,28936670.0
5033,3686045.5
5034,9203385.0
5035,373307.3
5036,18910936.0
5037,32740422.0
5038,133800020.0
5039,1056828.4
5040,24054632.0
5041,59030464.0
5042,7967973.0
5043,11332670.0
5044,37815036.0
5045,1410686.4
5046,7960377.5
5047,3430121.2
5048,1098341.9
5049,40332980.0
5050,4885089.0
5051,54081856.0
5052,73134100.0
5053,31589018.0
5054,27529212.0
5055,13175950.0
5056,2906346.0
5057,6614557.5
5058,6810411.0
5059,17833214.0
5060,45492870.0
5061,54400188.0
5062,529280.9
5063,150147.52
5064,28386186.0
5065,8671353.0
5066,12713989.0
5067,14089083.0
5068,27152602.0
5069,46016224.0
5070,5506005.0
5071,33046714.0
5072,83652180.0
5073,2634704.8
5074,29315988.0
5075,5350403.0
5076,23053874.0
5077,62208190.0
5078,3803901.8
5079,6070299.0
5080,39213492.0
5081,7550734.0
5082,16130645.0
5083,2281321.5
5084,14810559.0
5085,5392691.0
5086,11900527.0
5087,7351369.5
5088,1541848.0
5089,1307931.8
5090,5847667.5
5091,8709045.0
5092,16704001.0
5093,12270729.0
5094,408300000.0
5095,82249464.0
5096,43204420.0
5097,818269.75
5098,1172418.0
5099,7177665.5
5100,1892245.4
5101,1666461.1
5102,4306227.5
5103,4171685.5
5104,12654425.0
5105,1954853.0
5106,8191743.0
5107,2721615.5
5108,33829556.0
5109,280092.78
5110,14525759.0
5111,56189910.0
5112,8751423.0
5113,236871.64
5114,41231920.0
5115,6388783.5
5116,5920752.5
5117,139930800.0
5118,8313368.0
5119,1257628500.0
5120,262778.28
5121,47938916.0
5122,30156482.0
5123,9264393.0
5124,9958029.0
5125,60198868.0
5126,14857810.0
5127,110445510.0
5128,1354890.5
5129,969551.44
5130,15801854.0
5131,5508463.0
5132,19275096.0
5133,92994870.0
5134,101146960.0
5135,51293404.0
5136,1588888.6
5137,41516172.0
5138,8803465.0
5139,165151650.0
5140,81411016.0
5141,54617584.0
5142,86741620.0
5143,67691670.0
5144,36008148.0
5145,45456788.0
5146,1873595.5
5147,23355452.0
5148,31656330.0
5149,969517.25
5150,736154240.0
5151,19340536.0
5152,125361880.0
5153,1530958.5
5154,22607712.0
5155,2558797.0
5156,927400260.0
5157,25699918.0
5158,1851220.1
5159,71755950.0
5160,28840134.0
5161,11486920.0
5162,25115212.0
5163,18129740.0
5164,3009478.5
5165,41496536.0
5166,32271214.0
5167,7739103.0
5168,4575360.0
5169,9031092.0
5170,31535078.0
5171,21997740.0
5172,7038716.0
5173,35108868.0
5174,21363520.0
5175,3646250.8
5176,21838046.0
5177,936917570.0
5178,200041730.0
5179,370145.16
5180,42029110.0
5181,593574.3
5182,15353324.0
5183,2848461.0
5184,38133876.0
5185,5766459.0
5186,4734935.5
5187,1421223.1
5188,1254913.0
5189,36746090.0
5190,251808430.0
5191,10258739.0
5192,76992000.0
5193,60764820.0
5194,40672428.0
5195,509747000.0
5196,104019080.0
5197,93039576.0
5198,49700956.0
5199,25530970.0
5200,18617892.0
5201,39984390.0
5202,739752.9
5203,2987676.5
5204,272224.5
5205,3160349.5
5206,22656102.0
5207,1624458.2
5208,42867380.0
5209,46917724.0
5210,43640388.0
5211,6228634.0
5212,98666040.0
5213,118721490.0
5214,122400.36
5215,9481994.0
5216,55911950.0
5217,1335611.0
5218,10190949.0
5219,8600328.0
5220,42743932.0
5221,829293.4
5222,3417817.5
5223,165610620.0
5224,325067.06
5225,431943.62
5226,46261044.0
5227,1346630.8
5228,9639878.0
5229,58677650.0
5230,6025794.5
5231,7770282.5
5232,477128.7
5233,241438.05
5234,102299240.0
5235,32495798.0
5236,44354690.0
5237,84392890.0
5238,32356392.0
5239,33143926.0
5240,116695990.0
5241,53809704.0
5242,23284196.0
5243,5723112.0
5244,19638848.0
5245,1265860.8
5246,10337464.0
5247,28679246.0
5248,884283.94
5249,32654234.0
5250,51237376.0
5251,8425943.0
5252,246761.78
5253,4088252.0
5254,498736.88
5255,75494776.0
5256,75737656.0
5257,986864.5
5258,1497304.8
5259,34370356.0
5260,1702385.1
5261,21709302.0
5262,8839218.0
5263,47306904.0
5264,6684580.0
5265,3699830.0
5266,51049984.0
5267,23947374.0
5268,28273038.0
5269,31073068.0
5270,46279844.0
5271,45152620.0
5272,32298678.0
5273,408021.06
5274,11113434.0
5275,4780818.0
5276,7367821.0
5277,4402339.0
5278,12607302.0
5279,8169913.5
5280,740272.3
5281,13823086.0
5282,76130440.0
5283,5197215.5
5284,6983114.5
5285,190715570.0
5286,7184637.0
5287,2322140.5
5288,210248.48
5289,156507760.0
5290,210336450.0
5291,406841630.0
5292,308357400.0
5293,35088984.0
5294,356039.8
5295,317772770.0
5296,5216313.0
5297,27774408.0
5298,111674110.0
5299,3659576.0
5300,2858134.5
5301,19492040.0
5302,23343784.0
5303,1054646.5
5304,18578410.0
5305,1569528.6
5306,55935736.0
5307,64258100.0
5308,6671836.0
5309,1440645.9
5310,53309444.0
5311,16159715.0
5312,70622460.0
5313,340580480.0
5314,81261464.0
5315,1024712.75
5316,6952679.5
5317,9363771.0
5318,3817537.2
5319,47140812.0
5320,17624778.0
5321,18867594.0
5322,606937.0
5323,125720580.0
5324,16850690.0
5325,8843999.0
5326,14145629.0
5327,59316690.0
5328,24671192.0
5329,4335997.0
5330,191935870.0
5331,2020572.2
5332,1278578.2
5333,20106794.0
5334,22792502.0
5335,38027540.0
5336,16928066.0
5337,750979.6
5338,32849448.0
5339,28497342.0
5340,3515807.0
5341,25567128.0
5342,45843028.0
5343,58251116.0
5344,41238530.0
5345,450586.7
5346,191130350.0
5347,2847100.5
5348,17199074.0
5349,3820239.5
5350,1163111.1
5351,61443936.0
5352,3779392.8
5353,32987518.0
5354,58301580.0
5355,36280664.0
5356,7999525.0
5357,930409.94
5358,98779580.0
5359,16478877.0
5360,79597970.0
5361,1846167.1
5362,4031077.2
5363,18885344.0
5364,2670403.0
5365,45519516.0
5366,98552440.0
5367,36708260.0
5368,10213756.0
5369,282296770.0
5370,28989372.0
5371,19969814.0
5372,711773500.0
5373,30948738.0
5374,117798710.0
5375,157335630.0
5376,71489560.0
5377,4716781.5
5378,1248540.8
5379,17325340.0
5380,26063042.0
5381,76811590.0
5382,116168344.0
5383,1119581.9
5384,923737100.0
5385,105444950.0
5386,10866516.0
5387,5487479.5
5388,234526900.0
5389,5246656.5
5390,13765309.0
5391,40180104.0
5392,717053.25
5393,4455694.0
5394,20900342.0
5395,3691357.2
5396,138705260.0
5397,4091060.0
5398,8252583.5
5399,156748.3
5400,2342640.0
5401,39966856.0
5402,19827944.0
5403,127239900.0
5404,1021231.9
5405,70519896.0
5406,2877322.5
5407,105366540.0
5408,782503000.0
5409,141462030.0
5410,6087250.0
5411,50721932.0
5412,181709.17
5413,1819416.2
5414,47889108.0
5415,15782697.0
5416,13023290.0
5417,23092028.0
5418,557556.7
5419,1159266.2
5420,18651942.0
5421,93531016.0
5422,54018764.0
5423,110888780.0
5424,55648948.0
5425,11550788.0
5426,13252444.0
5427,924113.7
5428,4476158.5
5429,100008220.0
5430,44260880.0
5431,10259659.0
5432,134814190.0
5433,147712400.0
5434,69101330.0
5435,4311865.5
5436,9176531.0
5437,5046854.0
5438,9260030.0
5439,3617827.2
5440,57779284.0
5441,7480165.5
5442,38708840.0
5443,38814492.0
5444,15981871.0
5445,27451926.0
5446,84375510.0
5447,19645368.0
5448,15601947.0
5449,34585396.0
5450,2870966.0
5451,35253004.0
5452,1146425.0
5453,92752010.0
5454,59259584.0
5455,62045376.0
5456,8460277.0
5457,16142834.0
5458,1460956.6
5459,4042225.8
5460,2043723.5
5461,154275.03
5462,3656921.0
5463,470539680.0
5464,1765897.4
5465,17479752.0
5466,27182448.0
5467,30105334.0
5468,40634976.0
5469,432975.1
5470,94951200.0
5471,64924100.0
5472,37435336.0
5473,14116493.0
5474,10976147.0
5475,8006180.0
5476,7227161.5
5477,23523730.0
5478,79388130.0
5479,70420430.0
5480,15140396.0
5481,2266914.5
5482,28578880.0
5483,20676004.0
5484,218231920.0
5485,8997736.0
5486,3057010.8
5487,87673740.0
5488,23137218.0
5489,14559349.0
5490,800596.2
5491,45665612.0
5492,10985593.0
5493,12653146.0
5494,303920.75
5495,8265776.5
5496,75854460.0
5497,32942876.0
5498,907634.0
5499,54780864.0
5500,31293968.0
5501,2461909.5
5502,2316999.8
5503,12173449.0
5504,170453620.0
5505,2175401.5
5506,185017180.0
5507,33471288.0
5508,49233636.0
5509,92534840.0
5510,37993900.0
5511,10635748.0
5512,40065160.0
5513,2882683.8
5514,15728874.0
5515,1571982.4
5516,278866.22
5517,75808184.0
5518,17632580.0
5519,130348270.0
5520,1491238.4
5521,15124060.0
5522,172437.11
5523,78850744.0
5524,340013220.0
5525,70097200.0
5526,15318077.0
5527,2119246.8
5528,16076893.0
5529,425302.94
5530,110993530.0
5531,1352417.1
5532,5210873.5
5533,24719236.0
5534,74574830.0
5535,5679885.5
5536,416713.44
5537,24585790.0
5538,24861560.0
5539,74413140.0
5540,85119060.0
5541,38521692.0
5542,610694.7
5543,13160729.0
5544,58243116.0
5545,338177.47
5546,6134899.0
5547,3472647.0
5548,12737606.0
5549,27704198.0
5550,12642459.0
5551,33998060.0
5552,52293108.0
5553,16855446.0
5554,1684067.2
5555,14914141.0
5556,36276996.0
5557,11016942.0
5558,432813120.0
5559,3746528.2
5560,641804.4
5561,43357468.0
5562,93123380.0
5563,115131.75
5564,3510138.5
5565,38536020.0
5566,10070070.0
5567,10725996.0
5568,38274292.0
5569,37804220.0
5570,45404104.0
5571,128957260.0
5572,784315.0
5573,77990840.0
5574,11228234.0
5575,51220470.0
5576,68938350.0
5577,27035448.0
5578,6520161.0
5579,6824057.5
5580,1722997.8
5581,18697284.0
5582,20513692.0
5583,51608416.0
5584,29461504.0
5585,5506614.5
5586,1919761.4
5587,37051250.0
5588,131143290.0
5589,99400824.0
5590,959958.94
5591,2971468.2
5592,13863749.0
5593,13820872.0
5594,5962775.0
5595,83451060.0
5596,65760612.0
5597,1750117.8
5598,1486688.8
5599,37562720.0
5600,1639524.0
5601,14512134.0
5602,20777842.0
5603,588254.5
5604,70992780.0
5605,94366050.0
5606,23712390.0
5607,15951660.0
5608,10443312.0
5609,4695221.0
5610,11328175.0
5611,25791254.0
5612,107421970.0
5613,30422930.0
5614,49718308.0
5615,82846344.0
5616,14413598.0
5617,20375184.0
5618,37858556.0
5619,65175348.0
5620,13535468.0
5621,24818162.0
5622,8824251.0
5623,13909093.0
5624,223018000.0
5625,1176749.8
5626,1269221.2
5627,76135380.0
5628,12015502.0
5629,89721030.0
5630,8578768.0
5631,40192980.0
5632,46689460.0
5633,17063276.0
5634,2287364.8
5635,63629750.0
5636,1443996.6
5637,6345453.0
5638,134886200.0
5639,2316884.8
5640,2140056.0
5641,34282884.0
5642,13009784.0
5643,4576180.5
5644,351934980.0
5645,107779690.0
5646,6870604.0
5647,4452070.5
5648,43106960.0
5649,5444350.0
5650,23380144.0
5651,14606077.0
5652,3613448.0
5653,144551780.0
5654,39985308.0
5655,27943114.0
5656,463794560.0
5657,572721.5
5658,9732288.0
5659,198697870.0
5660,120227750.0
5661,2402140.2
5662,218078780.0
5663,6106862.5
5664,2309512.2
5665,45730110.0
5666,6501112.0
5667,56823640.0
5668,737709.8
5669,15890925.0
5670,306178430.0
5671,24756700.0
5672,4055628.5
5673,91306880.0
5674,20432354.0
5675,785869.4
5676,1965669.6
5677,56647036.0
5678,77976120.0
5679,778045.2
5680,126191940.0
5681,3141941800.0
5682,1406709.8
5683,3337671700.0
5684,23525794.0
5685,19332680.0
5686,1504133.0
5687,65863668.0
5688,17043858.0
5689,32537848.0
5690,26005044.0
5691,122522130.0
5692,219572580.0
5693,20111168.0
5694,76448230.0
5695,1211037.0
5696,42676972.0
5697,220494.06
5698,5255380.0
5699,2276019.2
5700,20028636.0
5701,7200331.0
5702,47487710.0
5703,26778282.0
5704,30068264.0
5705,3658455.8
5706,271289.7
5707,27361804.0
5708,4419611.5
5709,291101760.0
5710,7259275.0
5711,40853892.0
5712,34673772.0
5713,30509398.0
5714,10806741.0
5715,2267729.8
5716,812633.2
5717,24332194.0
5718,7392342.0
5719,28878114.0
5720,13038302.0
5721,20998880.0
5722,999761.8
5723,8341449.5
5724,784396.56
5725,514963.2
5726,69645690.0
5727,49586856.0
5728,4848127.0
5729,498474700.0
5730,12522679.0
5731,334869.3
5732,1497331.9
5733,2952508.5
5734,22828614.0
5735,3012579.8
5736,76065416.0
5737,14846818.0
5738,28751048.0
5739,5695322.5
5740,11246710.0
5741,27344744.0
5742,29925284.0
5743,17947732.0
5744,320271.62
5745,7415021.0
5746,25161386.0
5747,4556879.0
5748,43644132.0
5749,41226100.0
5750,134579380.0
5751,18335612.0
5752,4625850.5
5753,237725860.0
5754,9905518.0
5755,65962988.0
5756,19184866.0
5757,5527344.0
5758,866321.5
5759,6854478.0
5760,1380596.5
5761,657449.3
5762,10491207.0
5763,56990360.0
5764,1600883.2
5765,81797016.0
5766,17957046.0
5767,16652594.0
5768,61942740.0
5769,190844380.0
5770,11587131.0
5771,13576320.0
5772,43478212.0
5773,215699710.0
5774,18546934.0
5775,45674060.0
5776,2553831.0
5777,78943144.0
5778,140276050.0
5779,168461340.0
5780,1790226.9
5781,20345670.0
5782,53321852.0
5783,103035720.0
5784,293223.6
5785,36731230.0
5786,28174418.0
5787,64151316.0
5788,2487760.5
5789,27219128.0
5790,20163096.0
5791,99828700.0
5792,5453761.0
5793,7028332.5
5794,73114570.0
5795,223320660.0
5796,11188726.0
5797,99091510.0
5798,764242.5
5799,90916220.0
5800,1358409.6
5801,5773546.5
5802,1269034.9
5803,363271.25
5804,45193460.0
5805,1922472.9
5806,3238888.5
5807,78921310.0
5808,52483160.0
5809,5372614.5
5810,330880.88
5811,1376242.8
5812,18429050.0
5813,90963400.0
5814,3054912.2
5815,6832236.0
5816,3948768.5
5817,1066156.8
5818,2958873.2
5819,11437642.0
5820,1672658.1
5821,771660.6
5822,119567.92
5823,33220886.0
5824,38979190.0
5825,4830037.0
5826,3491841.8
5827,686381.56
5828,94103270.0
5829,15366420.0
5830,28884174.0
5831,74597020.0
5832,32485262.0
5833,9862685.0
5834,3169186.8
5835,238690.3
5836,30755958.0
5837,29808844.0
5838,370556.28
5839,61539990.0
5840,539683.5
5841,16197887.0
5842,19627202.0
5843,6090687.5
5844,1479735.1
5845,340651.44
5846,4668538.5
5847,40376624.0
5848,12014058.0
5849,708610.1
5850,30823142.0
5851,9384547.0
5852,4458797.0
5853,18279322.0
5854,53964388.0
5855,108147880.0
5856,18727586.0
5857,366004030.0
5858,621181.4
5859,49602276.0
5860,34565084.0
5861,1368178.9
5862,14521770.0
5863,19374024.0
5864,135685870.0
5865,10911335.0
5866,9231532.0
5867,2440822.8
5868,83750040.0
5869,11933986.0
5870,4310731.0
5871,36156044.0
5872,312685660.0
5873,3336610.0
5874,2772926.8
5875,36292776.0
5876,35921028.0
5877,6807885.0
5878,77431160.0
5879,9536388.0
5880,51472068.0
5881,155224660.0
5882,267699200.0
5883,3843576.5
5884,52005844.0
5885,3253277.2
5886,18696892.0
5887,9261354.0
5888,10438751.0
5889,1462612.8
5890,138524960.0
5891,26502170.0
5892,18567958.0
5893,835278.9
5894,38149010.0
5895,20892770.0
5896,50485460.0
5897,1463355.0
5898,56466240.0
5899,718118.06
5900,5700109.5
5901,338151.7
5902,4711881.0
5903,180411650.0
5904,28378932.0
5905,27152602.0
5906,14702030.0
5907,1705199.4
5908,67228460.0
5909,27213158.0
5910,4979810.0
5911,10833818.0
5912,76673120.0
5913,23136248.0
5914,7347724.5
5915,16661998.0
5916,34292628.0
5917,459800130.0
5918,47307988.0
5919,23263422.0
5920,2788009.5
5921,15350045.0
5922,20657950.0
5923,7729632.5
5924,4352121.0
5925,252088590.0
5926,391269.72
5927,2703788.5
5928,66862470.0
5929,363284.4
5930,114799176.0
5931,93400870.0
5932,950276.5
5933,8126708.0
5934,131335280.0
5935,315701220.0
5936,129393610.0
5937,987623.4
5938,2721317.0
5939,20414162.0
5940,72356960.0
5941,25750556.0
5942,52970104.0
5943,1453891.8
5944,39012588.0
5945,2702458.2
5946,726272.0
5947,332188.56
5948,264299980.0
5949,1192690.4
5950,101962040.0
5951,12181718.0
5952,17227276.0
5953,327036160.0
5954,13111246.0
5955,17173276.0
5956,28601730.0
5957,139238050.0
5958,29764474.0
5959,30316116.0
5960,20868078.0
5961,1856285.0
5962,6407039.5
5963,10947482.0
5964,26371420.0
5965,18004374.0
5966,35909656.0
5967,83362770.0
5968,46048092.0
5969,146999630.0
5970,16486611.0
5971,6056906.5
5972,9149267.0
5973,54415340.0
5974,742030.9
5975,20168480.0
5976,8214508.5
5977,1391197.8
5978,1906523800.0
5979,6757405.5
5980,71473610.0
5981,12740983.0
5982,128675450.0
5983,403783.12
5984,39354280.0
5985,37045384.0
5986,450301.47
5987,9026546.0
5988,26919930.0
5989,1840892.8
5990,103704900.0
5991,1438427.4
5992,17690284.0
5993,128153740.0
5994,3886644.0
5995,38768988.0
5996,30447312.0
5997,37968690.0
5998,111365060.0
5999,1914050.4
6000,13763471.0
6001,1463454.1
6002,18094434.0
6003,65279480.0
6004,119940990.0
6005,2134479.5
6006,10394763.0
6007,2534003.0
6008,836201.06
6009,56693300.0
6010,100827220.0
6011,17402374.0
6012,11221811.0
6013,57878996.0
6014,5876929.5
6015,46267132.0
6016,16726541.0
6017,1264058.4
6018,23238144.0
6019,1965969.5
6020,1604032.9
6021,19382118.0
6022,2376900.2
6023,5919414.5
6024,3035799.5
6025,2508142.8
6026,50138940.0
6027,10397440.0
6028,47796120.0
6029,1514519.8
6030,122051210.0
6031,122073790.0
6032,375209.72
6033,36578124.0
6034,2663708.5
6035,456676380.0
6036,3239528.0
6037,729765.7
6038,94914.75
6039,649096.75
6040,39418588.0
6041,152014600.0
6042,455863.28
6043,45252630.0
6044,9835521.0
6045,33078244.0
6046,936134.6
6047,1673479.8
6048,10280560.0
6049,5839464.5
6050,402752.44
6051,2387856.0
6052,15145711.0
6053,170441.81
6054,28667924.0
6055,5099804.0
6056,12812631.0
6057,270630.47
6058,77190210.0
6059,31638402.0
6060,21809490.0
6061,43327130.0
6062,7400679.5
6063,38443372.0
6064,2004496.2
6065,303567520.0
6066,26287704.0
6067,131847050.0
6068,3943654.0
6069,230472900.0
6070,59424610.0
6071,5408415.0
6072,54555532.0
6073,47962876.0
6074,1909201.0
6075,3545420.0
6076,129100250.0
6077,1181525.5
6078,98959300.0
6079,180643040.0
6080,1238871.9
6081,1010740.5
6082,3535287.8
6083,168523060.0
6084,33191752.0
6085,52265384.0
6086,13012117.0
6087,30127852.0
6088,2146861.0
6089,13539496.0
6090,168896320.0
6091,2058244.5
6092,1081132.2
6093,46641396.0
6094,67538850.0
6095,96668750.0
6096,8037086.0
6097,24768602.0
6098,30929618.0
6099,22428954.0
6100,23020654.0
6101,346904580.0
6102,20881496.0
6103,33528028.0
6104,287895.7
6105,1324974.5
6106,279513.22
6107,277353.9
6108,12580879.0
6109,2039358.4
6110,162288510.0
6111,1701573.6
6112,296947.53
6113,10331866.0
6114,55395424.0
6115,69238800.0
6116,554197.25
6117,31111142.0
6118,11250014.0
6119,49518144.0
6120,54513720.0
6121,1906199.1
6122,55624964.0
6123,1001269.4
6124,3509910.8
6125,5288916.5
6126,46019996.0
6127,8159604.5
6128,39497684.0
6129,2397810.0
6130,468722.84
6131,32749790.0
6132,168192.36
6133,11192398.0
6134,13562991.0
6135,150177100.0
6136,697997200.0
6137,76070640.0
6138,4355442.5
6139,7204319000.0
6140,1353480.2
6141,16069413.0
6142,942872.4
6143,1695803.1
6144,8974084.0
6145,11207608.0
6146,12368408.0
6147,98242390.0
6148,26526040.0
6149,43528660.0
6150,728087300.0
6151,4766177.5
6152,6184399400.0
6153,8695335.0
6154,261403.06
6155,57954116.0
6156,2564567.5
6157,23886748.0
6158,44905612.0
6159,30253500.0
6160,28764212.0
6161,19190246.0
6162,18744740.0
6163,1524885.1
6164,1803663.9
6165,43947360.0
6166,29564068.0
6167,43910576.0
6168,26324232.0
6169,87977450.0
6170,2513190.0
6171,5316933.5
6172,800161.1
6173,26587228.0
6174,65754840.0
6175,19382082.0
6176,52077908.0
6177,25587618.0
6178,1111492.4
6179,334797980.0
6180,48908020.0
6181,9052615.0
6182,286570050.0
6183,17667120.0
6184,718489800.0
6185,9992276.0
6186,4409276.0
6187,15729114.0
6188,148169520.0
6189,14209040.0
6190,124852900.0
6191,579671.0
6192,38875764.0
6193,38768100.0
6194,1387732.6
6195,1003736.0
6196,27259082.0
6197,3961861.2
6198,31035516.0
6199,1364476400.0
6200,615597.1
6201,6062223.0
6202,56069790.0
6203,673337300.0
6204,1745930.1
6205,3396320.8
6206,122867780.0
6207,36196132.0
6208,38092440.0
6209,248695.97
6210,1765621.2
6211,61487784.0
6212,3461748.5
6213,29282680.0
6214,5718398.5
6215,19170126.0
6216,21581566.0
6217,894431.2
6218,4070869.0
6219,36228596.0
6220,1547569.6
6221,2026402.0
6222,847898.75
6223,37215424.0
6224,13330577.0
6225,85007270.0
6226,2116584.5
6227,8592327.0
6228,1661316.8
6229,1174942.0
6230,336408.94
6231,94945224.0
6232,6150100.5
6233,195435730.0
6234,4658949.5
6235,31870068.0
6236,20277254.0
6237,30215670.0
6238,2474457.8
6239,206178100.0
6240,79167816.0
6241,607564.75
6242,1001235.0
6243,11984443.0
6244,13565681.0
6245,10929019.0
6246,3791623.8
6247,332477800.0
6248,1032067.4
6249,2142539.2
6250,11785911.0
6251,51255264.0
6252,12063197.0
6253,9055862.0
6254,111426880.0
6255,3393089.8
6256,4813574.5
6257,25322866.0
6258,511379.34
6259,1260754.9
6260,2266687.5
6261,48272070.0
6262,12994904.0
6263,42429908.0
6264,11047580.0
6265,2486036.2
6266,3305234.0
6267,72949640.0
6268,225661.16
6269,189817020.0
6270,51568764.0
6271,108225670.0
6272,4568471.0
6273,5910146.5
6274,117339690.0
6275,49801636.0
6276,7775286.0
6277,53042696.0
6278,10488086.0
6279,12127238.0
6280,37649080.0
6281,5677822.0
6282,162091150.0
6283,32245988.0
6284,93559920.0
6285,51375456.0
6286,2665121.2
6287,23473576.0
6288,39177980.0
6289,161448740.0
6290,143142.02
6291,29398412.0
6292,137506990.0
6293,855318300.0
6294,18509120.0
6295,72438296.0
6296,7249555.0
6297,39724870.0
6298,746472.6
6299,224358.4
6300,32406730.0
6301,7410638.0
6302,2022496.2
6303,10905281.0
6304,14432415.0
6305,57948588.0
6306,20026344.0
6307,8213458.5
6308,3851943.0
6309,1695573.5
6310,73297770.0
6311,242409.12
6312,1258122.0
6313,20192190.0
6314,24669214.0
6315,3415738.5
6316,51466570.0
6317,48440212.0
6318,59094904.0
6319,64575584.0
6320,886026.25
6321,4566258.5
6322,64642130.0
6323,15599685.0
6324,1292200.9
6325,10988024.0
6326,5114396.0
6327,48564176.0
6328,19784650.0
6329,4482724.5
6330,5566107.5
6331,58987470.0
6332,2372891.5
6333,16958444.0
6334,293933.06
6335,45982796.0
6336,135866370.0
6337,28001590.0
6338,1436327.2
6339,17501502.0
6340,6067949.0
6341,2676392.0
6342,3167213.8
6343,39490150.0
6344,78187600.0
6345,2738552.0
6346,197085800.0
6347,144900140.0
6348,14398321.0
6349,19597128.0
6350,1719311.1
6351,42199564.0
6352,34542940.0
6353,621628.8
6354,1006412.2
6355,167505.66
6356,6996179.5
6357,1487153.9
6358,3350912.0
6359,4280302.0
6360,1348712.8
6361,37042204.0
6362,1165156.1
6363,2694696.2
6364,1933280.0
6365,44984652.0
6366,6337663.0
6367,19386592.0
6368,53578452.0
6369,1970824.0
6370,66826264.0
6371,4078458.0
6372,26310628.0
6373,6711459.5
6374,5970468.5
6375,16839700.0
6376,9358736.0
6377,13381041.0
6378,1725362.2
6379,40288540.0
6380,9385908.0
6381,3721865500.0
6382,16102979.0
6383,141245800.0
6384,35869132.0
6385,3363481.8
6386,356063100.0
6387,12337543.0
6388,1109264.4
6389,472684.78
6390,38365140.0
6391,1046626.9
6392,28518058.0
6393,306898750.0
6394,44175868.0
6395,508758.9
6396,2413428.5
6397,4195176.5
6398,7837180.0
6399,604110.8
6400,75998130.0
6401,1050639.1
6402,13928951.0
6403,670369.0
6404,10218627.0
6405,2179224.2
6406,32447364.0
6407,15038856.0
6408,17426988.0
6409,27989094.0
6410,8475475.0
6411,2717421.8
6412,5916553.0
6413,12469743.0
6414,69425260.0
6415,1007925.94
6416,7346260.0
6417,69578504.0
6418,23806196.0
6419,15097314.0
6420,24369814.0
6421,13500814.0
6422,379101.44
6423,2901211.8
6424,51169892.0
6425,26791206.0
6426,4373039.5
6427,1526462.2
6428,4130388.2
6429,22314256.0
6430,141860830.0
6431,19246074.0
6432,45713280.0
6433,28955110.0
6434,7866098.5
6435,34942120.0
6436,17923922.0
6437,4639423.0
6438,15903357.0
6439,19514508.0
6440,49636252.0
6441,15349459.0
6442,1755456.8
6443,42049640.0
6444,431227.88
6445,918333400.0
6446,94861230.0
6447,7819523.5
6448,496470.44
6449,67723180.0
6450,inf
6451,18022720.0
6452,12168713.0
6453,27475130.0
6454,14777460.0
6455,6784034.5
6456,8863521.0
6457,103926270.0
6458,601315.06
6459,3091264.8
6460,26528672.0
6461,97529570.0
6462,60529076.0
6463,370963.6
6464,8348230.0
6465,2271361.5
6466,27153638.0
6467,33327000.0
6468,1045701.0
6469,23325358.0
6470,2980465.0
6471,4254906.0
6472,19968710.0
6473,16443869.0
6474,2094153.2
6475,580966.6
6476,192116820.0
6477,17735286.0
6478,23991538.0
6479,31774228.0
6480,39757084.0
6481,17243384.0
6482,1273161.2
6483,1195620.6
6484,64715900.0
6485,47690396.0
6486,447716.78
6487,81140504.0
6488,71721740.0
6489,665568.44
6490,383562.12
6491,22456050.0
6492,13323561.0
6493,34059784.0
6494,44566692.0
6495,67346024.0
6496,27074202.0
6497,122652130.0
6498,20249348.0
6499,40591440.0
6500,1221965.5
6501,869310.0
6502,103736150.0
6503,27525486.0
6504,5189746.5
6505,8406728.0
6506,2820938.2
6507,2033916.1
6508,23713114.0
6509,4075608.0
6510,3596931.0
6511,30619812.0
6512,1770305.1
6513,28894092.0
6514,2552007.5
6515,172058740.0
6516,86056740.0
6517,1153274.2
6518,10616251.0
6519,73444700.0
6520,1901692.5
6521,155029970.0
6522,42906480.0
6523,71352380.0
6524,7324581.0
6525,63323680.0
6526,62575910.0
6527,3039985.8
6528,7780515.5
6529,1268163.8
6530,130761140.0
6531,2049876.1
6532,7356811.5
6533,1513460.0
6534,16130584.0
6535,27523700.0
6536,71327210.0
6537,26305260.0
6538,16859980.0
6539,293976420.0
6540,64543570.0
6541,31902606.0
6542,51983036.0
6543,1558244.5
6544,28415546.0
6545,20123216.0
6546,325711460.0
6547,624771.0
6548,98732300.0
6549,111357190.0
6550,91748380.0
6551,24479198.0
6552,14478294.0
6553,2194972.0
6554,12200972.0
6555,11355173.0
6556,34397508.0
6557,6480536.0
6558,37930330.0
6559,48151700.0
6560,178033840.0
6561,2034141.1
6562,35017450.0
6563,35695230.0
6564,53994040.0
6565,7300758.0
6566,25390818.0
6567,7580099.0
6568,19765112.0
6569,3036173.0
6570,17205734.0
6571,18196844.0
6572,143661.14
6573,97710180.0
6574,31832220.0
6575,2562401.5
6576,16346522.0
6577,17621148.0
6578,57499820.0
6579,3039939.5
6580,2616436.2
6581,25296508.0
6582,761289.8
6583,278259.72
6584,1354151.6
6585,49557544.0
6586,84662136.0
6587,9083852.0
6588,1351566.1
6589,25894126.0
6590,121462264.0
6591,21645134.0
6592,124967976.0
6593,94302350.0
6594,40511620.0
6595,188713.36
6596,33004762.0
6597,740116.3
6598,13555129.0
6599,8440130.0
6600,3484370.5
6601,8538870.0
6602,638666400.0
6603,16323435.0
6604,22803156.0
6605,64510216.0
6606,2491663.8
6607,28280374.0
6608,603787.1
6609,1936749.2
6610,2380534.5
6611,15308351.0
6612,417601630.0
6613,38148788.0
6614,44960204.0
6615,594848.2
6616,27882050.0
6617,11988009.0
6618,29073206.0
6619,11320788.0
6620,5349199.0
6621,51309256.0
6622,48349936.0
6623,165796770.0
6624,46400400.0
6625,112976920.0
6626,4544744.5
6627,92331030.0
6628,397672.84
6629,17825392.0
6630,947209.25
6631,1610974.5
6632,768969.0
6633,1687121.5
6634,4866842.5
6635,469757.47
6636,62327076.0
6637,13069250.0
6638,412779.5
6639,3994423.8
6640,3771478.8
6641,134882100.0
6642,93143270.0
6643,872853.06
6644,1219109.0
6645,35787670.0
6646,29336572.0
6647,464283.28
6648,49944324.0
6649,1195819.0
6650,1624572.9
6651,12746379.0
6652,2090336.1
6653,47962510.0
6654,48918284.0
6655,47992620.0
6656,6761557.0
6657,71051304.0
6658,4667968.5
6659,11140005.0
6660,1483335.1
6661,797268.1
6662,8119534.5
6663,682494300.0
6664,16486988.0
6665,764809.0
6666,28635572.0
6667,120755880.0
6668,18682776.0
6669,12251342.0
6670,1599990.4
6671,42077236.0
6672,3146143.8
6673,97095610.0
6674,280736400.0
6675,24304920.0
6676,4459919.5
6677,910953.5
6678,24259346.0
6679,99559450.0
6680,37097920.0
6681,958839600.0
6682,136296200.0
6683,12824268.0
6684,824068.0
6685,1508926.0
6686,6392757.5
6687,28189790.0
6688,17966536.0
6689,46237580.0
6690,220494190.0
6691,342266.94
6692,126255976.0
6693,22246772.0
6694,58645536.0
6695,438811300.0
6696,256086260.0
6697,11998074.0
6698,11490996.0
6699,31952420.0
6700,60525612.0
6701,18480688.0
6702,16490731.0
6703,7015501.5
6704,2760494.0
6705,19866140.0
6706,14202537.0
6707,56072144.0
6708,37076416.0
6709,2170260.5
6710,20874008.0
6711,73023980.0
6712,59170920.0
6713,1886139.5
6714,614395.94
6715,1509524.8
6716,9302640.0
6717,158446270.0
6718,28940202.0
6719,67074764.0
6720,1185807.1
6721,26522196.0
6722,8439196.0
6723,73303496.0
6724,42298036.0
6725,1403975.6
6726,63280456.0
6727,2176574.0
6728,2191282.5
6729,9382596.0
6730,21646124.0
6731,8702270.0
6732,4120379.5
6733,5447887.0
6734,13581863.0
6735,38431056.0
6736,2200908.0
6737,6548546.5
6738,13635489.0
6739,9844154.0
6740,304733.38
6741,2750214.5
6742,21347634.0
6743,188014670.0
6744,2800363.2
6745,1188143.6
6746,126652010.0
6747,30873272.0
6748,875709.6
6749,3312447.5
6750,1939821.5
6751,8223287.0
6752,64426230.0
6753,4191413.2
6754,347848060.0
6755,790011.3
6756,79301410.0
6757,32077416.0
6758,12261160.0
6759,136160030.0
6760,17407686.0
6761,33164160.0
6762,602668.75
6763,40651564.0
6764,5214811.0
6765,47615776.0
6766,276228.34
6767,29552002.0
6768,36195440.0
6769,37067364.0
6770,19154884.0
6771,6615566.5
6772,2022575.4
6773,7793853.5
6774,224176740.0
6775,226513620.0
6776,6244026.0
6777,42357052.0
6778,23931940.0
6779,10501698.0
6780,115792280.0
6781,1660067.1
6782,109859760.0
6783,14420720.0
6784,233642.28
6785,22310724.0
6786,6272399.5
6787,14559488.0
6788,1335081.2
6789,2109507.2
6790,21140942.0
6791,34956652.0
6792,78235180.0
6793,39755190.0
6794,1617619.0
6795,2556762.8
6796,177452080.0
6797,4691282.5
6798,20738724.0
6799,1660711.6
6800,23065044.0
6801,368433760.0
6802,6099709.0
6803,159328160.0
6804,125773.75
6805,97203820.0
6806,7639871.0
6807,21005730.0
6808,1660952.4
6809,35858052.0
6810,7637598.0
6811,62502430.0
6812,2023677.1
6813,115858990.0
6814,1221722.0
6815,2495671.0
6816,1682238.9
6817,178525.44
6818,133429.77
6819,98828200.0
6820,31415490.0
6821,23056072.0
6822,26241416.0
6823,12271642.0
6824,72788830.0
6825,43492810.0
6826,5080265.5
6827,1347685.5
6828,451779.44
6829,991096.5
6830,2110028.5
6831,24908550.0
6832,18895360.0
6833,15314747.0
6834,2434104.8
6835,40859428.0
6836,1227680.9
6837,52479356.0
6838,908347.5
6839,6048686.5
6840,31461544.0
6841,25433034.0
6842,8097503.5
6843,15321672.0
6844,14748682.0
6845,35107530.0
6846,30923484.0
6847,1428110.2
6848,16030382.0
6849,17693356.0
6850,76198580.0
6851,15433773.0
6852,1714402.5
6853,4518658.5
6854,39785988.0
6855,22085690.0
6856,1042419.2
6857,34485270.0
6858,4909131.5
6859,7796782.5
6860,6154331.0
6861,9081808.0
6862,40072040.0
6863,336137820.0
6864,3797591.2
6865,4535029.0
6866,63320300.0
6867,46298560.0
6868,1256846800.0
6869,40153444.0
6870,446112.53
6871,28030124.0
6872,213263.48
6873,41744056.0
6874,42742468.0
6875,2168473.0
6876,33691820.0
6877,7960977.5
6878,1535309.6
6879,2042616.8
6880,1745017.9
6881,3204306.5
6882,51309650.0
6883,40726920.0
6884,10114498.0
6885,3957816.8
6886,9386158.0
6887,18682990.0
6888,118644980.0
6889,4066693.8
6890,4851698.0
6891,25676204.0
6892,70556490.0
6893,57871050.0
6894,27486138.0
6895,719519.3
6896,860708.5
6897,637492.8
6898,15013378.0
6899,273302100.0
6900,23250202.0
6901,18573414.0
6902,9562105.0
6903,11618823.0
6904,115028000.0
6905,25205722.0
6906,185243170.0
6907,27120200.0
6908,10414489.0
6909,1067448.9
6910,2950504.2
6911,34925332.0
6912,12187389.0
6913,176367260.0
6914,197293800.0
6915,4662443.0
6916,16540534.0
6917,570829700.0
6918,35626264.0
6919,445312.56
6920,55225260.0
6921,82993590.0
6922,39416480.0
6923,3438374.8
6924,281987.16
6925,6717260.5
6926,42078520.0
6927,573417.8
6928,26447836.0
6929,79006260.0
6930,320218050.0
6931,7218096.5
6932,35392332.0
6933,647057.75
6934,98750010.0
6935,1902853.5
6936,14971913.0
6937,42411460.0
6938,5488453.0
6939,8645046.0
6940,23591578.0
6941,41574890.0
6942,3507849.5
6943,1724654.9
6944,19301768.0
6945,13466763.0
6946,22166888.0
6947,4184627.2
6948,17766196.0
6949,85467530.0
6950,133454664.0
6951,1242810.0
6952,17365570.0
6953,46720460.0
6954,3182294.5
6955,102433770.0
6956,1294365.5
6957,1116683.6
6958,2174818.8
6959,8292274.0
6960,23326692.0
6961,16178651.0
6962,85420104.0
6963,15661249.0
6964,39524970.0
6965,819322.4
6966,40389716.0
6967,47824028.0
6968,2471858.8
6969,1883024.9
6970,20780260.0
6971,55976828.0
6972,1818453.5
6973,166540640.0
6974,37125384.0
6975,12048618.0
6976,22767172.0
6977,2235567.2
6978,2084829.4
6979,58643524.0
6980,13809646.0
6981,1731748.5
6982,8191759.0
6983,1665393.5
6984,19968900.0
6985,44448864.0
6986,17376702.0
6987,3024255.2
6988,12836847.0
6989,8034089.5
6990,56112696.0
6991,1839264.2
6992,623497.8
6993,413909.25
6994,346153.53
6995,11228319.0
6996,54338280.0
6997,414857.72
6998,10155557.0
6999,99073740.0
7000,635065.6
7001,3532396.2
7002,2552007.5
7003,1738390.4
7004,3809739.5
7005,1022358.4
7006,431072.84
7007,2094596.6
7008,34936388.0
7009,4472220.0
7010,12214919.0
7011,1073593.9
7012,1725615.8
7013,4881587.0
7014,656979.9
7015,52660040.0
7016,103500180.0
7017,8353255.0
7018,3423533.0
7019,49517484.0
7020,28156582.0
7021,5337555.0
7022,41728136.0
7023,132618824.0
7024,47412772.0
7025,8012840.5
7026,99638100.0
7027,12383327.0
7028,1916600.2
7029,37781870.0
7030,35976840.0
7031,30909686.0
7032,7688872.5
7033,6609613.5
7034,7536331.5
7035,28966710.0
7036,19203318.0
7037,5499372.0
7038,5633524.0
7039,41636230.0
7040,7919231.5
7041,77055470.0
7042,16294474.0
7043,1201055.9
7044,33169602.0
7045,10963740.0
7046,167217970.0
7047,236357740.0
7048,5721060.5
7049,13823455.0
7050,164338.19
7051,2905221.0
7052,43128670.0
7053,3882287.5
7054,31821596.0
7055,107985460.0
7056,259895860.0
7057,15131620.0
7058,3815266.2
7059,11634967.0
7060,31389136.0
7061,18748458.0
7062,70662210.0
7063,678992.06
7064,48405576.0
7065,12543190.0
7066,8356864.5
7067,457747.44
7068,86606710.0
7069,1073201.8
7070,57850080.0
7071,267738530.0
7072,338833.44
7073,12875493.0
7074,8350706.5
7075,36302190.0
7076,22572898.0
7077,22089650.0
7078,55311172.0
7079,2378641.8
7080,3976696.2
7081,13534384.0
7082,512714.9
7083,419691.1
7084,13317235.0
7085,18862700.0
7086,459852.47
7087,42655976.0
7088,23180020.0
7089,2996979.5
7090,12386823.0
7091,3724895.8
7092,207103520.0
7093,22030196.0
7094,22767824.0
7095,2178472.2
7096,9080595.0
7097,174902660.0
7098,96286370.0
7099,61094172.0
7100,6986125.0
7101,17662538.0
7102,944744.56
7103,10202074.0
7104,5219487.5
7105,82999600.0
7106,20139036.0
7107,19240568.0
7108,1684279.2
7109,64433360.0
7110,493287.6
7111,4483254.5
7112,157898400.0
7113,102751550.0
7114,3768185.5
7115,8682607.0
7116,3611353.5
7117,569536.3
7118,27201742.0
7119,101850860.0
7120,2033132.6
7121,7446996.5
7122,3039058.2
7123,1145939.6
7124,146627470.0
7125,68078040.0
7126,789017860.0
7127,33570452.0
7128,11891656.0
7129,16148377.0
7130,22771124.0
7131,4483357.0
7132,14455557.0
7133,68929150.0
7134,35206436.0
7135,67463270.0
7136,46385710.0
7137,11867524.0
7138,20456492.0
7139,6681361.5
7140,58125924.0
7141,949084.56
7142,5115605.5
7143,96293710.0
7144,4147535.0
7145,16214146.0
7146,2747784.2
7147,24346306.0
7148,26013972.0
7149,3239506.2
7150,2104644.5
7151,18576602.0
7152,35923700.0
7153,4545217.0
7154,28839254.0
7155,41537396.0
7156,9532332.0
7157,45259884.0
7158,742192.25
7159,4320229.5
7160,1006588.8
7161,23564910.0
7162,339715650.0
7163,16494978.0
7164,1300242.2
7165,67537040.0
7166,17381244.0
7167,853093.8
7168,975066.8
7169,5238457.0
7170,4317157.0
7171,39898610.0
7172,4504065.0
7173,1748476.1
7174,3353348.0
7175,1955393.6
7176,21817728.0
7177,110555540.0
7178,21833256.0
7179,212128100.0
7180,625520.4
7181,1371136.1
7182,12565219.0
7183,336060.72
7184,505884350.0
7185,4179139.8
7186,18825176.0
7187,39587360.0
7188,44449116.0
7189,26288006.0
7190,5278345.0
7191,311505.66
7192,76121150.0
7193,15221703.0
7194,216519980.0
7195,17029754.0
7196,14480337.0
7197,15524293.0
7198,5895960.0
7199,3268465.5
7200,43722956.0
7201,2597739.2
7202,13079300.0
7203,408382.3
7204,54404236.0
7205,80549150.0
7206,13884601.0
7207,137385870.0
7208,13924542.0
7209,4479946.5
7210,3653825.2
7211,508164.4
7212,78667020.0
7213,23504804.0
7214,21337132.0
7215,173635250.0
7216,33486806.0
7217,1044512.94
7218,38677624.0
7219,80489560.0
7220,13163942.0
7221,22770082.0
7222,14479674.0
7223,2252345.0
7224,22987572.0
7225,1004157.3
7226,73317060.0
7227,14693340.0
7228,30210022.0
7229,26486506.0
7230,3105758.8
7231,18114634.0
7232,230360830.0
7233,910241900.0
7234,51724900.0
7235,20998720.0
7236,93559210.0
7237,12021164.0
7238,2540817.2
7239,270471700.0
7240,35243324.0
7241,100865300.0
7242,52901650.0
7243,5176025.5
7244,45478120.0
7245,7092054.0
7246,2374453.5
7247,173476370.0
7248,30904968.0
7249,1875783.8
7250,326300.12
7251,18530350.0
7252,31850622.0
7253,13419533.0
7254,81450776.0
7255,270780.75
7256,2968981.2
7257,21560666.0
7258,40871820.0
7259,12201390.0
7260,378414.44
7261,146727360.0
7262,249558.17
7263,17516264.0
7264,31339842.0
7265,18241324.0
7266,22251566.0
7267,466012.0
7268,2084425.9
7269,18719658.0
7270,100646984.0
7271,7862536.0
7272,31429396.0
7273,7774070.0
7274,2725327.0
7275,39527456.0
7276,2812256.8
7277,580765300.0
7278,158077700.0
7279,439568540.0
7280,72249660.0
7281,26105180.0
7282,40177040.0
7283,139652960.0
7284,499662.84
7285,11738171.0
7286,976740740.0
7287,7731048.0
7288,1726175.4
7289,40763836.0
7290,34473696.0
7291,77296290.0
7292,4137255.8
7293,38650560.0
7294,6598025.5
7295,45118356.0
7296,1215466.1
7297,37498364.0
7298,8935347.0
7299,7575705.0
7300,868399.4
7301,49734524.0
7302,5593507.0
7303,1407831.8
7304,8776246.0
7305,4326001.5
7306,119412330.0
7307,903037.25
7308,1460382.8
7309,67706650.0
7310,8662492.0
7311,2265632.8
7312,74920700.0
7313,67873704.0
7314,6051363.5
7315,11783079.0
7316,1431842.8
7317,20755858.0
7318,65111110.0
7319,9282222.0
7320,69722776.0
7321,140644.08
7322,1127357.1
7323,24117434.0
7324,16028700.0
7325,100472824.0
7326,104466040.0
7327,1872247.0
7328,36105252.0
7329,34117330.0
7330,146202990.0
7331,50976036.0
7332,35138880.0
7333,284840420.0
7334,1741367.1
7335,87859230.0
7336,35173816.0
7337,8426650.0
7338,65260556.0
7339,33275614.0
7340,1039367.7
7341,235827.6
7342,55105624.0
7343,10708172.0
7344,1062902.0
7345,2825073.5
7346,29465102.0
7347,32718324.0
7348,1757101.5
7349,22668162.0
7350,8002531.0
7351,68901544.0
7352,122111.68
7353,3934214.0
7354,896818.5
7355,31201350.0
7356,19962960.0
7357,2833470.2
7358,35990020.0
7359,35173548.0
7360,23305258.0
7361,204924.17
7362,76905120.0
7363,499635000.0
7364,417103.1
7365,49111430.0
7366,34969324.0
7367,1515169.9
7368,9095399.0
7369,16614079.0
7370,51622200.0
7371,1115004.4
7372,36363176.0
7373,123472950.0
7374,51101030.0
7375,121531790.0
7376,534860.44
7377,31683150.0
7378,104218664.0
7379,16285930.0
7380,6582997.5
7381,4360263.5
7382,24765012.0
7383,1360863.0
7384,18785076.0
7385,66180120.0
7386,42938412.0
7387,2021686.4
7388,2114058.8
7389,1689043.6
7390,719185.2
7391,4134360.8
7392,10616292.0
7393,572860600.0
7394,26185818.0
7395,154661380.0
7396,37970716.0
7397,28150676.0
7398,15661816.0
